ProjectID,ProjectName,Country,Manager,Budget
1,Project_1,India,John Zhang,253731
2,Project_2,USA,Michele Dyer,880523
3,Project_3,Netherlands,Duane Crosby,436095
4,Project_4,Netherlands,Christopher Wagner,322952
5,Project_5,Netherlands,David Sutton,223820
6,Project_6,USA,Melissa Adams,691670
7,Project_7,India,Stephen Young,360030
8,Project_8,Netherlands,Lisa Palmer,543470
9,Project_9,USA,Benjamin Willis,978512
10,Project_10,India,Thomas Peters,423787
11,Project_11,UK,Robert Young,804513
12,Project_12,UK,Jason Santos,450920
13,Project_13,USA,Sarah Paul,591339
14,Project_14,UK,Anne Lewis,875795
15,Project_15,Netherlands,Justin Burns,857500
16,Project_16,India,Joel Chavez,129684
17,Project_17,USA,Luis Petersen,751258
18,Project_18,India,Janet Myers,676658
19,Project_19,India,Frances Thomas,797088
20,Project_20,USA,Jessica Wilson,862141
21,Project_21,USA,John Middleton,477332
22,Project_22,Netherlands,Nathaniel Jackson,950976
23,Project_23,India,Kelsey Garrison,504477
24,Project_24,Netherlands,Andrea Perez,587670
25,Project_25,UK,Mark Terry,150351
26,Project_26,India,Cheryl Mills,666596
27,Project_27,India,Janet Solis,460472
28,Project_28,Netherlands,Kerri Robbins,487208
29,Project_29,Netherlands,Elizabeth Meyer,688597
30,Project_30,India,Jeffery Martinez,484795
31,Project_31,UK,John Cook,882410
32,Project_32,USA,Laura Barnett,626776
33,Project_33,Netherlands,Kimberly Mcdonald,796282
34,Project_34,UK,Yvonne Solis,532067
35,Project_35,USA,Charlotte Ayers,517712
36,Project_36,UK,Carmen Blackburn,632794
37,Project_37,Netherlands,Kristine Lawrence,813691
38,Project_38,USA,John Gibbs,547252
39,Project_39,India,Jacob Mullen,180192
40,Project_40,UK,Patricia Hicks,814856
41,Project_41,Netherlands,Valerie Ashley,275051
42,Project_42,UK,Jasmine Rhodes,502932
43,Project_43,India,Dylan Bass,479669
44,Project_44,UK,Crystal Aguilar,626090
45,Project_45,Netherlands,Tyler Smith,854162
46,Project_46,USA,Daniel West,509434
47,Project_47,USA,Danielle Sanders,141285
48,Project_48,USA,Bob Johnson,669798
49,Project_49,USA,Lydia Larsen,647441
50,Project_50,USA,Jacob Gill,532002
51,Project_51,India,Kimberly Love,409656
52,Project_52,India,Clifford Mejia,805913
53,Project_53,UK,Cassandra Stewart,954101
54,Project_54,UK,Melanie Campbell,224852
55,Project_55,India,Christopher Gibbs,633315
56,Project_56,UK,Marilyn Smith,406808
57,Project_57,India,Catherine Moreno,638433
58,Project_58,India,Jennifer Williams,839701
59,Project_59,USA,Dylan Castillo,335761
60,Project_60,Netherlands,Hector Alvarez,252306
61,Project_61,USA,Bobby Cox,553236
62,Project_62,UK,Roger Wagner,376087
63,Project_63,India,Tyler Holder,101633
64,Project_64,UK,James Richard,462287
65,Project_65,India,Erin Riley,208285
66,Project_66,India,Jaime Fisher,400858
67,Project_67,India,Julian Taylor,163709
68,Project_68,India,Rachel Nash,692403
69,Project_69,USA,Rita Anderson,840366
70,Project_70,India,Tara Waters,551946
71,Project_71,USA,Shannon Phillips,308245
72,Project_72,UK,Mary Edwards,228187
73,Project_73,USA,Janice Foster,602144
74,Project_74,India,Kimberly Rice,633957
75,Project_75,India,Bradley Mercer,786526
76,Project_76,UK,Matthew Ellis,652001
77,Project_77,India,Frances Rice,207096
78,Project_78,USA,Victor Phillips,886043
79,Project_79,UK,Joshua Thompson,243810
80,Project_80,India,Melinda Clark,347285
81,Project_81,USA,Kevin Smith,556729
82,Project_82,USA,Catherine Smith,623569
83,Project_83,India,Mark Morton,507618
84,Project_84,India,Amanda Smith,610039
85,Project_85,India,Mark Adams,316865
86,Project_86,Netherlands,Denise Moore,288472
87,Project_87,Netherlands,Heather Mitchell,574300
88,Project_88,UK,Donna Roberts,438443
89,Project_89,India,Patricia Schmidt,635170
90,Project_90,Netherlands,Jenna Wheeler,271763
91,Project_91,India,Michael Johnson MD,245866
92,Project_92,UK,Mrs. Stephanie Short,668818
93,Project_93,Netherlands,David Mann,791164
94,Project_94,India,Aaron Hamilton,557597
95,Project_95,UK,Cynthia Marsh,931357
96,Project_96,India,Brian Rodriguez,317806
97,Project_97,UK,Craig Austin,653884
98,Project_98,India,Maria Mendez,744381
99,Project_99,Netherlands,Jason Mcdowell,275980
100,Project_100,India,Valerie Dickerson,319763
101,Project_101,Netherlands,Sharon Kim,393604
102,Project_102,USA,Kelly Barajas,189969
103,Project_103,UK,Adam Johnson,902801
104,Project_104,UK,Anthony Villa,733176
105,Project_105,UK,Jennifer Gray,628954
106,Project_106,Netherlands,Brenda Suarez,158296
107,Project_107,UK,Todd Price,763287
108,Project_108,India,Sarah Webb,352288
109,Project_109,UK,Michelle Mack,371103
110,Project_110,India,Jo Long,971430
111,Project_111,Netherlands,Brandon Williams,399974
112,Project_112,USA,Jill Brooks,319829
113,Project_113,India,Angela Frederick,616803
114,Project_114,USA,Justin Moreno,850348
115,Project_115,USA,Michele Ray,665517
116,Project_116,UK,Jonathan Ramirez,495638
117,Project_117,Netherlands,Juan Reid,458123
118,Project_118,India,Monica Walker,938485
119,Project_119,Netherlands,Joel Hall,654899
120,Project_120,India,Tracy Campbell,401516
121,Project_121,USA,Nathan Davis,399789
122,Project_122,USA,Fernando Green DVM,830589
123,Project_123,UK,Melissa Carey,333558
124,Project_124,Netherlands,Austin Chavez,371305
125,Project_125,USA,Madison Parker,643621
126,Project_126,India,Carolyn Williams,927274
127,Project_127,India,Erica Edwards,644667
128,Project_128,Netherlands,Michael Arias,366836
129,Project_129,Netherlands,Melanie Perkins,830841
130,Project_130,USA,Jamie Castillo,444517
131,Project_131,UK,Jesse Sims,678186
132,Project_132,Netherlands,Dawn Murphy,666080
133,Project_133,Netherlands,David Nelson,759090
134,Project_134,UK,Dennis Williams,339794
135,Project_135,Netherlands,Laura Clark,345225
136,Project_136,UK,James Curry,583324
137,Project_137,USA,Kelli Love,941336
138,Project_138,USA,Keith Miller,514371
139,Project_139,Netherlands,Carolyn Alexander,219046
140,Project_140,Netherlands,Jamie Ramos,756239
141,Project_141,USA,Michelle Buck,475586
142,Project_142,USA,Christine Lutz,944879
143,Project_143,UK,Bryan Zhang,214535
144,Project_144,USA,Ryan Cruz,582739
145,Project_145,Netherlands,Jennifer Gibbs,990634
146,Project_146,Netherlands,James Underwood,558348
147,Project_147,USA,Jennifer Shaffer,363344
148,Project_148,Netherlands,Lindsey Bolton,483859
149,Project_149,India,Jennifer Collier,853059
150,Project_150,UK,William Martinez,443858
151,Project_151,USA,Erin Flores,292321
152,Project_152,Netherlands,Julie Morales,613891
153,Project_153,USA,Christopher Walsh,672073
154,Project_154,UK,James Robles,372793
155,Project_155,India,Jill Sellers,105668
156,Project_156,UK,Heidi Frederick,828170
157,Project_157,USA,George Jenkins,607017
158,Project_158,UK,Andrew Smith,774503
159,Project_159,Netherlands,Kyle Castillo,450719
160,Project_160,India,Kevin Parker,420921
161,Project_161,UK,Robert Crawford II,652061
162,Project_162,Netherlands,Jill Foley,986324
163,Project_163,UK,Steven Pace,677913
164,Project_164,UK,Kevin Hill,624207
165,Project_165,India,Matthew Todd,938288
166,Project_166,Netherlands,Alexa Atkinson,488020
167,Project_167,UK,Kevin Ross MD,590321
168,Project_168,Netherlands,Taylor Harris,477222
169,Project_169,UK,Dennis Ramirez,599618
170,Project_170,UK,Kevin Barrett,848127
171,Project_171,India,Jonathan House,777002
172,Project_172,Netherlands,Michael Martinez,272405
173,Project_173,India,Kimberly Henson,804120
174,Project_174,Netherlands,Thomas Lewis,184748
175,Project_175,UK,Donald Guerrero,684843
176,Project_176,UK,Diana Ward,889168
177,Project_177,UK,Corey Frost,328431
178,Project_178,UK,Tara Cruz,103423
179,Project_179,USA,Austin Davis,913322
180,Project_180,India,Colin Moreno,817716
181,Project_181,USA,Heather Blackwell,806393
182,Project_182,UK,Gerald Brown,855156
183,Project_183,USA,Annette Martinez MD,780782
184,Project_184,Netherlands,Ian Coleman,965245
185,Project_185,India,Heather White,167281
186,Project_186,UK,Anna Jones,252398
187,Project_187,UK,Amanda Williams,536736
188,Project_188,India,Mary Smith,178494
189,Project_189,USA,Vicki Golden,876344
190,Project_190,Netherlands,Alexis Giles,335716
191,Project_191,Netherlands,Jeremy Berry,100290
192,Project_192,India,Lisa Brewer,163221
193,Project_193,USA,James Clay,223866
194,Project_194,Netherlands,Jacqueline Pugh,891127
195,Project_195,India,Christian Walsh,663253
196,Project_196,India,Gabriel Sims,816910
197,Project_197,India,Darin White,612042
198,Project_198,UK,Robert Craig,373651
199,Project_199,UK,James Lozano,648514
200,Project_200,India,Dawn Hernandez,801435
201,Project_201,USA,Alexander Henry,763902
202,Project_202,India,Elizabeth Jackson,873685
203,Project_203,UK,Erin Esparza,732264
204,Project_204,Netherlands,Stephanie Green,378406
205,Project_205,USA,Ann Turner,526166
206,Project_206,India,Kimberly Wood,481719
207,Project_207,USA,Michael Richardson,299050
208,Project_208,UK,Joshua Key,138943
209,Project_209,UK,Brian Collins,186882
210,Project_210,USA,Tara Heath,306146
211,Project_211,Netherlands,James Perez,224424
212,Project_212,Netherlands,Francisco Medina,390311
213,Project_213,UK,Nathan Turner,215190
214,Project_214,India,Tammy Mann,871193
215,Project_215,India,William Patterson,419699
216,Project_216,Netherlands,Stephanie Arias,519594
217,Project_217,India,Frank Chen,657493
218,Project_218,USA,Leonard Patel,983934
219,Project_219,Netherlands,James Carr,489228
220,Project_220,India,Marc Johnson,491197
221,Project_221,UK,Jeffrey Mitchell,626985
222,Project_222,India,Michael Rodriguez,806922
223,Project_223,UK,Rhonda Banks,672675
224,Project_224,UK,Andrea Melendez,946813
225,Project_225,UK,Caleb Knight,102633
226,Project_226,India,Bradley Sanford,545075
227,Project_227,UK,Cheryl Beard,949574
228,Project_228,India,Willie Mathews,461305
229,Project_229,USA,Rodney Brown,351139
230,Project_230,UK,Mary Clayton,239073
231,Project_231,India,Jennifer Coleman,127073
232,Project_232,Netherlands,Melissa Wilkins,338851
233,Project_233,India,Isaac Wise,741655
234,Project_234,UK,Kenneth Johnson,790366
235,Project_235,UK,Jordan Wright,368677
236,Project_236,USA,Barry Silva,568890
237,Project_237,UK,Micheal Palmer,920050
238,Project_238,Netherlands,Sharon Williams,161510
239,Project_239,UK,Daniel Christian,509101
240,Project_240,Netherlands,Kari Finley,424886
241,Project_241,USA,Meghan Rush,574256
242,Project_242,Netherlands,Linda Castaneda,209661
243,Project_243,India,Daniel Brewer,805133
244,Project_244,UK,Lisa Jones,181859
245,Project_245,UK,Donna Singleton,158403
246,Project_246,USA,Jason Waller,823161
247,Project_247,UK,Jamie Hudson,922623
248,Project_248,USA,Lucas Williams,956112
249,Project_249,USA,Wanda Moore,359593
250,Project_250,India,Scott Matthews,532871
251,Project_251,UK,Caleb Dickerson,324759
252,Project_252,Netherlands,Kathleen Campbell,979155
253,Project_253,USA,Steve Miller,815766
254,Project_254,USA,Amy Reyes,938064
255,Project_255,USA,Eric Gonzales,924069
256,Project_256,USA,Brandi Castillo,175234
257,Project_257,USA,Noah Patel,602973
258,Project_258,UK,Crystal Burnett,228183
259,Project_259,USA,Jerry Cardenas,364225
260,Project_260,USA,Peter Garcia,284988
261,Project_261,UK,Pamela Reid,195549
262,Project_262,Netherlands,Taylor Kelly,816754
263,Project_263,USA,Laura Morrison,391142
264,Project_264,India,Peter Liu,391335
265,Project_265,USA,Marcus Hensley,645601
266,Project_266,Netherlands,Kelly Edwards,958721
267,Project_267,UK,Michelle White DDS,859015
268,Project_268,Netherlands,Daniel Smith,162895
269,Project_269,India,Samuel Alexander,212732
270,Project_270,USA,Benjamin Weaver,463434
271,Project_271,UK,Kelsey Harvey,722148
272,Project_272,USA,Jordan Bridges,377287
273,Project_273,India,Anita Scott,386438
274,Project_274,UK,Stephanie Landry,272105
275,Project_275,Netherlands,Darlene Wilson,990021
276,Project_276,Netherlands,Karen Jimenez,579867
277,Project_277,India,Jessica Charles,780645
278,Project_278,India,Anthony Molina,147084
279,Project_279,India,Ms. Kelly Ford MD,179249
280,Project_280,UK,Michelle Olson,805445
281,Project_281,India,Jerry Boyd,656075
282,Project_282,Netherlands,Brandy Smith,842111
283,Project_283,Netherlands,Christopher Mckinney,100694
284,Project_284,UK,Marissa Dyer,428877
285,Project_285,USA,Vincent Caldwell,653912
286,Project_286,India,James Huffman,816448
287,Project_287,India,Jessica Meyer,651192
288,Project_288,UK,Dana Turner,611703
289,Project_289,India,Stephen Davis DVM,359267
290,Project_290,Netherlands,Sandra Alvarado,298772
291,Project_291,India,Catherine Johnston,861593
292,Project_292,India,Jennifer Thompson,830763
293,Project_293,India,Amanda Morris,329852
294,Project_294,UK,Edwin Scott,846630
295,Project_295,Netherlands,Aaron Nelson,470893
296,Project_296,UK,Jennifer Holloway,953281
297,Project_297,UK,Trevor Li,908500
298,Project_298,USA,Austin Black,964385
299,Project_299,USA,Scott Tyler,138101
300,Project_300,Netherlands,Melanie Stevens,911587
301,Project_301,India,Jose Weiss,944687
302,Project_302,Netherlands,Luke Simmons,317544
303,Project_303,UK,Dylan Blake,874254
304,Project_304,Netherlands,Timothy Winters,295066
305,Project_305,Netherlands,James Long,562912
306,Project_306,USA,Sherry Torres,581710
307,Project_307,India,Alex Stewart,112376
308,Project_308,Netherlands,Amanda Martinez,522907
309,Project_309,Netherlands,Patrick Carter,334727
310,Project_310,Netherlands,Mallory Morales,820479
311,Project_311,India,Ryan Long,566573
312,Project_312,India,Jose Castaneda,615131
313,Project_313,Netherlands,Randy Burke,439735
314,Project_314,Netherlands,Anthony Kane,312388
315,Project_315,Netherlands,Kenneth Hernandez,489123
316,Project_316,Netherlands,Yvonne Ellis,324727
317,Project_317,UK,Krista Mcmillan,613294
318,Project_318,USA,Andrew Jennings,467244
319,Project_319,India,Mrs. Michelle Estes,786418
320,Project_320,Netherlands,Tyler Schwartz,218305
321,Project_321,India,Darren Gibson,267452
322,Project_322,India,Amy Graves,217063
323,Project_323,Netherlands,Andrew Chapman,883360
324,Project_324,India,Caitlin Hale,197815
325,Project_325,USA,Jeffrey Harris,945714
326,Project_326,UK,Thomas Walsh,266952
327,Project_327,India,Nicole Sims,440190
328,Project_328,India,Jennifer Lopez,668832
329,Project_329,India,Daniel Munoz,253096
330,Project_330,USA,Nicolas King,933275
331,Project_331,USA,Audrey Murray,966982
332,Project_332,UK,Roy Day,786475
333,Project_333,USA,Jesus Riddle,994333
334,Project_334,Netherlands,Amy Davis,694694
335,Project_335,Netherlands,Kenneth Coleman,178233
336,Project_336,UK,Daniel Steele,182413
337,Project_337,India,Christopher Owens,282998
338,Project_338,Netherlands,Catherine Green,547313
339,Project_339,USA,Rachel Walker,750069
340,Project_340,Netherlands,Emily Alvarez,776463
341,Project_341,India,Tina Mcguire,755590
342,Project_342,USA,Dawn Hill,547467
343,Project_343,USA,Mr. Hayden Phillips,787322
344,Project_344,India,Joshua Johnson,864746
345,Project_345,USA,Jesse Potter,719092
346,Project_346,USA,Richard Howard,414515
347,Project_347,UK,Mark Woods,610372
348,Project_348,Netherlands,Elizabeth Huynh,847474
349,Project_349,India,Christopher Johnson,256455
350,Project_350,USA,Angela Wilson,216434
351,Project_351,USA,Mary Vaughn,452447
352,Project_352,India,Alexandra Contreras,513871
353,Project_353,USA,Adam Hughes,403012
354,Project_354,USA,Tiffany Reid,680461
355,Project_355,India,Morgan Walter,846824
356,Project_356,UK,Thomas Reid,368000
357,Project_357,UK,Vicki Rosales,752136
358,Project_358,Netherlands,Tyler Franklin,506114
359,Project_359,USA,Kristen Mora,605890
360,Project_360,UK,Tonya Riley,523867
361,Project_361,USA,Kathryn Stevens,916855
362,Project_362,USA,Kathleen Hartman,328263
363,Project_363,Netherlands,Calvin Pena,268480
364,Project_364,Netherlands,Bradley Carrillo,334243
365,Project_365,India,Danielle Wiley,239573
366,Project_366,UK,Casey Davis,361430
367,Project_367,USA,James Stewart,277075
368,Project_368,Netherlands,Ashlee Dunn,553561
369,Project_369,India,Kenneth Mcclain,885389
370,Project_370,India,Dawn Schroeder,776011
371,Project_371,USA,Cody Gilbert,779583
372,Project_372,USA,Brenda Mullins,322774
373,Project_373,India,Elizabeth Mcclain,306637
374,Project_374,India,Joseph Watts,581128
375,Project_375,Netherlands,Kendra Harper,656433
376,Project_376,India,Steven Carrillo,371530
377,Project_377,UK,Jeffrey Watts,641520
378,Project_378,USA,Sara Chapman,199539
379,Project_379,India,Daniel Reyes,560009
380,Project_380,UK,Charles Pierce,901974
381,Project_381,Netherlands,Lisa Cruz,644745
382,Project_382,USA,Julie Leblanc,505277
383,Project_383,USA,Regina Brooks,777884
384,Project_384,India,Patricia Wilson,349512
385,Project_385,Netherlands,Jack Williams,835363
386,Project_386,India,Robin Cardenas,749460
387,Project_387,USA,Dr. Juan Krause,610206
388,Project_388,Netherlands,Raymond Martinez,651713
389,Project_389,USA,Andrea Johnson,111925
390,Project_390,UK,Christopher Booker,652749
391,Project_391,India,Brian Pena,298242
392,Project_392,Netherlands,Monica Boyle MD,939365
393,Project_393,Netherlands,Jamie Cummings,178093
394,Project_394,Netherlands,John Murphy,968804
395,Project_395,UK,Gary Jones DDS,578266
396,Project_396,Netherlands,William Glenn,406882
397,Project_397,USA,Stephen Bradford,892098
398,Project_398,USA,Yolanda Bishop,401562
399,Project_399,Netherlands,Amy Lloyd,379268
400,Project_400,USA,Courtney Newton,859895
401,Project_401,Netherlands,Olivia Brown,666336
402,Project_402,UK,Leonard Romero,799093
403,Project_403,UK,Johnny Crawford,557364
404,Project_404,UK,Michael King,168267
405,Project_405,UK,Cathy Sanchez,432242
406,Project_406,USA,Nicholas James,970449
407,Project_407,USA,Brenda Reed,948496
408,Project_408,Netherlands,Amy Powell,941042
409,Project_409,Netherlands,Christina Lee,633633
410,Project_410,UK,James Gould,544686
411,Project_411,UK,Allison Grant,445157
412,Project_412,Netherlands,Douglas Taylor,903189
413,Project_413,UK,Benjamin Myers,509119
414,Project_414,India,Shawn Bright,165553
415,Project_415,USA,Laura Smith,284094
416,Project_416,India,Erica Austin,367860
417,Project_417,Netherlands,Philip Jones,154402
418,Project_418,UK,John Khan,202490
419,Project_419,India,Savannah Hansen,322864
420,Project_420,India,Joshua Brooks,906179
421,Project_421,USA,Adam Miller,788480
422,Project_422,Netherlands,Dana Carter,373083
423,Project_423,USA,Jennifer Collins,268983
424,Project_424,USA,Brian Powell,211084
425,Project_425,India,Timothy Moore,706502
426,Project_426,India,Ryan Melendez,460709
427,Project_427,UK,Pamela Simmons,171110
428,Project_428,UK,Shelby Johnson,561106
429,Project_429,India,Carolyn Wells,468269
430,Project_430,India,Katrina Stafford,780594
431,Project_431,USA,Jennifer Cook,934265
432,Project_432,India,Mary Bridges,473093
433,Project_433,India,Elijah Arnold,212255
434,Project_434,Netherlands,Isabella Burns,444195
435,Project_435,India,William Martin,993154
436,Project_436,Netherlands,Andrew Brown,693388
437,Project_437,UK,Erica Barrett,264132
438,Project_438,UK,Heather Ponce,978603
439,Project_439,India,James Pugh,844418
440,Project_440,India,Catherine Rosario,900182
441,Project_441,Netherlands,Maureen Bush,649063
442,Project_442,USA,Angela James,969463
443,Project_443,India,Kayla Ferguson,708363
444,Project_444,India,Susan Thornton,120984
445,Project_445,USA,Eric Bell,696364
446,Project_446,UK,Laura Garcia,373166
447,Project_447,UK,Nicholas Elliott,252415
448,Project_448,USA,Brian Pugh,814064
449,Project_449,UK,Madison Johnson,868637
450,Project_450,Netherlands,Heather Wallace,774531
451,Project_451,USA,Steven Johnson PhD,828915
452,Project_452,USA,Mr. Peter Owens,743666
453,Project_453,Netherlands,Kenneth Byrd,948000
454,Project_454,India,Kevin Stevenson,845686
455,Project_455,USA,John Green,948043
456,Project_456,India,Terri Roberts,954014
457,Project_457,USA,Craig Khan,935545
458,Project_458,UK,Leslie Jones,652819
459,Project_459,India,Ana Thompson,122195
460,Project_460,UK,Maria Moore,142455
461,Project_461,Netherlands,Wayne Hill,789489
462,Project_462,Netherlands,Brooke Bates,630092
463,Project_463,UK,Andrew Phelps,262266
464,Project_464,Netherlands,Ryan Smith DVM,444728
465,Project_465,USA,Jennifer Foley,207934
466,Project_466,Netherlands,Robin Tucker,679402
467,Project_467,India,Erica Bush,881982
468,Project_468,India,Cristian Vance,703543
469,Project_469,Netherlands,Lisa Stevens,484494
470,Project_470,UK,Hannah Simpson,466162
471,Project_471,India,Jonathan Cantrell,350513
472,Project_472,Netherlands,Noah Ross,700361
473,Project_473,India,Abigail Melton,158318
474,Project_474,India,Desiree Beasley,697465
475,Project_475,UK,Isaac Berry,120476
476,Project_476,Netherlands,Kayla Villegas,248535
477,Project_477,USA,Mackenzie Russell,659979
478,Project_478,USA,Daniel Morton,884228
479,Project_479,UK,Steven Davis,288075
480,Project_480,India,Edward Todd,558195
481,Project_481,India,Michael Williams,991305
482,Project_482,India,Michael Cowan,455285
483,Project_483,Netherlands,Julie Flores,244054
484,Project_484,Netherlands,Zachary Crane,434593
485,Project_485,USA,Mary Coleman,296514
486,Project_486,USA,Katie Bowman,490713
487,Project_487,India,Joshua Simmons,532230
488,Project_488,India,Shawn Mitchell,628484
489,Project_489,UK,Deanna Sandoval,326473
490,Project_490,USA,Allison Morrison,714570
491,Project_491,India,Brian Roberts,633206
492,Project_492,Netherlands,Susan Morris,944861
493,Project_493,UK,Brendan Morrison,530439
494,Project_494,India,Alyssa Taylor,228521
495,Project_495,UK,Kevin Dickson,254767
496,Project_496,Netherlands,Renee Mccormick,354372
497,Project_497,Netherlands,Carla Figueroa,552442
498,Project_498,India,Melissa Gonzalez,752922
499,Project_499,Netherlands,Pamela Patterson,423494
500,Project_500,USA,Brianna Johnson,693088
